<!DOCTYPE refentry [ <!ENTITY % mathent SYSTEM "math.ent"> %mathent; ]>

<!-- Converted by db4-upgrade version 1.1 -->

<refentry xmlns="http://docbook.org/ns/docbook" version="5.0" xml:id="atomicXor">
    <info>
        <copyright>
            <year>2012-2014</year>
            <holder>Khronos Group</holder>
        </copyright>
    </info>
    <refmeta>
        <refentrytitle>atomicXor</refentrytitle>
        <manvolnum>3G</manvolnum>
    </refmeta>
    <refnamediv>
        <refname>atomicXor</refname>
        <refpurpose>perform an atomic logical exclusive OR operation to a variable</refpurpose>
    </refnamediv>
    <refsynopsisdiv><title>Declaration</title>
        <funcsynopsis>
            <funcprototype>
                <funcdef>int <function>atomicXor</function></funcdef>
                <paramdef>inout int <parameter>mem</parameter></paramdef>
                <paramdef>int <parameter>data</parameter></paramdef>
            </funcprototype>
            <funcprototype>
                <funcdef>uint <function>atomicXor</function></funcdef>
                <paramdef>inout uint <parameter>mem</parameter></paramdef>
                <paramdef>uint <parameter>data</parameter></paramdef>
            </funcprototype>
        </funcsynopsis>
    </refsynopsisdiv>
    <refsect1 xml:id="parameters"><title>Parameters</title>
        <variablelist>
        <varlistentry>
            <term><parameter>mem</parameter></term>
            <listitem>
                <para>
                    The variable to use as the target of the operation.
                </para>
            </listitem>
        </varlistentry>
        <varlistentry>
            <term><parameter>data</parameter></term>
            <listitem>
                <para>
                    The data to be logically exclusive ORed with to <parameter>mem</parameter>.
                </para>
            </listitem>
        </varlistentry>
        </variablelist>
    </refsect1>
    <refsect1 xml:id="description"><title>Description</title>
        <para>
            <function>atomicXor</function> performs an atomic logical exclusive OR with <parameter>data</parameter> to the contents of
            <parameter>mem</parameter> and returns the original contents of <parameter>mem</parameter>
            from before the logical operation occured. The contents of the memory being updated by the atomic operation are
            guaranteed not to be modified by any other assignment or atomic memory function in any shader
            invocation between the time the original value is read and the time the new value is written.
        </para>
        <para>
            Atomic memory functions are supported only for a limited set of variables.  A shader will fail to compile
            if the value passed to the mem argument of  an atomic memory function does not correspond to a buffer or
            shared variable.  It is acceptable to pass an element of an array or a single component of a vector to the
            mem argument of an atomic memory function, as long as the underlying array or vector is a buffer or
            shared variable.
        </para>
    </refsect1>
    <refsect1 xml:id="versions"><title>Version Support</title>
        <informaltable>
            <tgroup cols="13" align="left">
                <xi:include xmlns:xi="http://www.w3.org/2001/XInclude" href="funchead.xml" xpointer="xpointer(/*/*)"/>
                <tbody>
                    <row>
                        <entry>atomicXor</entry>
                        <xi:include xmlns:xi="http://www.w3.org/2001/XInclude" href="version.xml" xpointer="xpointer(/*/*[@role='43']/*)"/>
                    </row>
                </tbody>
            </tgroup>
        </informaltable>
    </refsect1>
    <refsect1 xml:id="seealso"><title>See Also</title>
        <para>
            <citerefentry><refentrytitle>atomicAdd</refentrytitle></citerefentry>,
            <citerefentry><refentrytitle>atomicAnd</refentrytitle></citerefentry>,
            <citerefentry><refentrytitle>atomicOr</refentrytitle></citerefentry>,
            <citerefentry><refentrytitle>atomicMin</refentrytitle></citerefentry>,
            <citerefentry><refentrytitle>atomicMax</refentrytitle></citerefentry>,
            <citerefentry><refentrytitle>atomicExchange</refentrytitle></citerefentry>,
            <citerefentry><refentrytitle>atomicCompSwap</refentrytitle></citerefentry>
        </para>
    </refsect1>
    <refsect1 xml:id="Copyright"><title>Copyright</title>
        <para>
            Copyright <trademark class="copyright"/> 2011-2014 Khronos Group.
            This material may be distributed subject to the terms and conditions set forth in
            the Open Publication License, v 1.0, 8 June 1999.
            <link xmlns:xlink="http://www.w3.org/1999/xlink" xlink:href="http://opencontent.org/openpub/">http://opencontent.org/openpub/</link>.
        </para>
    </refsect1>
</refentry>
