<!DOCTYPE refentry [ <!ENTITY % mathent SYSTEM "math.ent"> %mathent; ]>

<!-- Converted by db4-upgrade version 1.1 -->

<refentry xmlns="http://docbook.org/ns/docbook" version="5.0" xml:id="cross">
    <info>
        <copyright>
            <year>2011-2014</year>
            <holder>Khronos Group</holder>
        </copyright>
    </info>
    <refmeta>
        <refentrytitle>cross</refentrytitle>
        <manvolnum>3G</manvolnum>
    </refmeta>
    <refnamediv>
        <refname>cross</refname>
        <refpurpose>calculate the cross product of two vectors</refpurpose>
    </refnamediv>
    <refsynopsisdiv><title>Declaration</title>
        <funcsynopsis>
            <funcprototype>
                <funcdef>vec3 <function>cross</function></funcdef>
                <paramdef>vec3 <parameter>x</parameter></paramdef>
                <paramdef>vec3 <parameter>y</parameter></paramdef>
            </funcprototype>
            <funcprototype>
                <funcdef>dvec3 <function>cross</function></funcdef>
                <paramdef>dvec3 <parameter>x</parameter></paramdef>
                <paramdef>dvec3 <parameter>y</parameter></paramdef>
            </funcprototype>
        </funcsynopsis>
    </refsynopsisdiv>
    <refsect1 xml:id="parameters"><title>Parameters</title>
        <variablelist>
        <varlistentry>
            <term><parameter>x</parameter></term>
            <listitem>
                <para>
                    Specifies the first of two vectors
                </para>
            </listitem>
        </varlistentry>
        <varlistentry>
            <term><parameter>y</parameter></term>
            <listitem>
                <para>
                    Specifies the second of two vectors
                </para>
            </listitem>
        </varlistentry>
        </variablelist>
    </refsect1>
    <refsect1 xml:id="description"><title>Description</title>
        <para>
            <function>cross</function> returns the cross product of two vectors, <parameter>x</parameter> and <parameter>y</parameter>. i.e.,
        </para>
        <para>
            <inlineequation><mml:math xmlns:mml="http://www.w3.org/1998/Math/MathML" overflow="scroll">
                <mml:vector>
                    <mml:csymbol encoding="" definitionURL="">
                      <mml:mi>x</mml:mi>
                      <mml:mo stretchy="false">[</mml:mo>
                      <mml:mn>1</mml:mn>
                      <mml:mo stretchy="false">]</mml:mo>
                      <mml:mo lspace="2px" rspace="2px">&sdot;</mml:mo>
                      <mml:mi>y</mml:mi>
                      <mml:mo stretchy="false">[</mml:mo>
                      <mml:mn>2</mml:mn>
                      <mml:mo stretchy="false">]</mml:mo>
                      <mml:mo>&minus;</mml:mo>
                      <mml:mi>y</mml:mi>
                      <mml:mo stretchy="false">[</mml:mo>
                      <mml:mn>1</mml:mn>
                      <mml:mo stretchy="false">]</mml:mo>
                      <mml:mo lspace="2px" rspace="2px">&sdot;</mml:mo>
                      <mml:mi>x</mml:mi>
                      <mml:mo stretchy="false">[</mml:mo>
                      <mml:mn>2</mml:mn>
                      <mml:mo stretchy="false">]</mml:mo>
                    </mml:csymbol>
                    <mml:csymbol encoding="" definitionURL="">
                      <mml:mi>x</mml:mi>
                      <mml:mo stretchy="false">[</mml:mo>
                      <mml:mn>2</mml:mn>
                      <mml:mo stretchy="false">]</mml:mo>
                      <mml:mo lspace="2px" rspace="2px">&sdot;</mml:mo>
                      <mml:mi>y</mml:mi>
                      <mml:mo stretchy="false">[</mml:mo>
                      <mml:mn>0</mml:mn>
                      <mml:mo stretchy="false">]</mml:mo>
                      <mml:mo>&minus;</mml:mo>
                      <mml:mi>y</mml:mi>
                      <mml:mo stretchy="false">[</mml:mo>
                      <mml:mn>2</mml:mn>
                      <mml:mo stretchy="false">]</mml:mo>
                      <mml:mo lspace="2px" rspace="2px">&sdot;</mml:mo>
                      <mml:mi>x</mml:mi>
                      <mml:mo stretchy="false">[</mml:mo>
                      <mml:mn>0</mml:mn>
                      <mml:mo stretchy="false">]</mml:mo>
                    </mml:csymbol>
                    <mml:csymbol encoding="" definitionURL="">
                      <mml:mi>x</mml:mi>
                      <mml:mo stretchy="false">[</mml:mo>
                      <mml:mn>0</mml:mn>
                      <mml:mo stretchy="false">]</mml:mo>
                      <mml:mo lspace="2px" rspace="2px">&sdot;</mml:mo>
                      <mml:mi>y</mml:mi>
                      <mml:mo stretchy="false">[</mml:mo>
                      <mml:mn>1</mml:mn>
                      <mml:mo stretchy="false">]</mml:mo>
                      <mml:mo>&minus;</mml:mo>
                      <mml:mi>y</mml:mi>
                      <mml:mo stretchy="false">[</mml:mo>
                      <mml:mn>0</mml:mn>
                      <mml:mo stretchy="false">]</mml:mo>
                      <mml:mo lspace="2px" rspace="2px">&sdot;</mml:mo>
                      <mml:mi>x</mml:mi>
                      <mml:mo stretchy="false">[</mml:mo>
                      <mml:mn>1</mml:mn>
                      <mml:mo stretchy="false">]</mml:mo>
                    </mml:csymbol>
                  </mml:vector>
            </mml:math></inlineequation>
        </para>
    </refsect1>
    <refsect1 xml:id="versions"><title>Version Support</title>
        <informaltable>
            <tgroup cols="13" align="left">
                <xi:include xmlns:xi="http://www.w3.org/2001/XInclude" href="funchead.xml" xpointer="xpointer(/*/*)"/>
                <tbody>
                    <row>
                        <entry>cross (vec3)</entry>
                        <xi:include xmlns:xi="http://www.w3.org/2001/XInclude" href="version.xml" xpointer="xpointer(/*/*[@role='11']/*)"/>
                    </row>
                    <row>
                        <entry>cross (dvec3)</entry>
                        <xi:include xmlns:xi="http://www.w3.org/2001/XInclude" href="version.xml" xpointer="xpointer(/*/*[@role='40']/*)"/>
                    </row>
                </tbody>
            </tgroup>
        </informaltable>
    </refsect1>
    <refsect1 xml:id="seealso"><title>See Also</title>
        <para>
            <citerefentry><refentrytitle>dot</refentrytitle></citerefentry>
        </para>
    </refsect1>
    <refsect1 xml:id="Copyright"><title>Copyright</title>
        <para>
            Copyright <trademark class="copyright"/> 2011-2014 Khronos Group.
            This material may be distributed subject to the terms and conditions set forth in
            the Open Publication License, v 1.0, 8 June 1999.
            <link xmlns:xlink="http://www.w3.org/1999/xlink" xlink:href="http://opencontent.org/openpub/">http://opencontent.org/openpub/</link>.
        </para>
    </refsect1>
</refentry>
