<!DOCTYPE refentry [ <!ENTITY % mathent SYSTEM "math.ent"> %mathent; ]>

<!-- Converted by db4-upgrade version 1.1 -->

<refentry xmlns="http://docbook.org/ns/docbook" version="5.0" xml:id="degrees">
    <info>
        <copyright>
            <year>2011-2014</year>
            <holder>Khronos Group</holder>
        </copyright>
    </info>
    <refmeta>
        <refentrytitle>degrees</refentrytitle>
        <manvolnum>3G</manvolnum>
    </refmeta>
    <refnamediv>
        <refname>degrees</refname>
        <refpurpose>convert a quantity in radians to degrees</refpurpose>
    </refnamediv>
    <refsynopsisdiv><title>Declaration</title>
        <funcsynopsis>
            <funcprototype>
                <funcdef>genType <function>degrees</function></funcdef>
                <paramdef>genType <parameter>radians</parameter></paramdef>
            </funcprototype>
        </funcsynopsis>
    </refsynopsisdiv>
    <refsect1 xml:id="parameters"><title>Parameters</title>
        <variablelist>
        <varlistentry>
            <term><parameter>radians</parameter></term>
            <listitem>
                <para>
                    Specify the quantity, in radians, to be converted to degrees.
                </para>
            </listitem>
        </varlistentry>
        </variablelist>
    </refsect1>
    <refsect1 xml:id="description"><title>Description</title>
        <para>
            <function>degrees</function> converts a quantity, specified in radians into degrees. That is,
            the return value is
            <inlineequation><mml:math xmlns:mml="http://www.w3.org/1998/Math/MathML" overflow="scroll">
                <!-- eqn: b sub 0: -->
                <mml:mfrac>
                    <mml:mrow>
                        <mml:mn>180</mml:mn><mml:mo>&sdot;</mml:mo>
                        <mml:mi mathvariant="italic">radians</mml:mi>
                    </mml:mrow>
                    <mml:pi definitionURL="" encoding=""/>
                </mml:mfrac>
            </mml:math></inlineequation>.
        </para>
    </refsect1>
    <refsect1 xml:id="versions"><title>Version Support</title>
        <informaltable>
            <tgroup cols="13" align="left">
                <xi:include xmlns:xi="http://www.w3.org/2001/XInclude" href="funchead.xml" xpointer="xpointer(/*/*)"/>
                <tbody>
                    <row>
                        <entry>degrees</entry>
                        <xi:include xmlns:xi="http://www.w3.org/2001/XInclude" href="version.xml" xpointer="xpointer(/*/*[@role='11']/*)"/>
                    </row>
                </tbody>
            </tgroup>
        </informaltable>
    </refsect1>
    <refsect1 xml:id="seealso"><title>See Also</title>
        <para>
            <citerefentry><refentrytitle>radians</refentrytitle></citerefentry>
        </para>
    </refsect1>
    <refsect1 xml:id="Copyright"><title>Copyright</title>
        <para>
            Copyright <trademark class="copyright"/> 2011-2014 Khronos Group.
            This material may be distributed subject to the terms and conditions set forth in
            the Open Publication License, v 1.0, 8 June 1999.
            <link xmlns:xlink="http://www.w3.org/1999/xlink" xlink:href="http://opencontent.org/openpub/">http://opencontent.org/openpub/</link>.
        </para>
    </refsect1>
</refentry>
