<!DOCTYPE refentry [ <!ENTITY % mathent SYSTEM "math.ent"> %mathent; ]>

<refentry xmlns="http://docbook.org/ns/docbook" version="5.0" xml:id="dFdx">
    <info>
        <copyright>
            <year>2011-2014</year>
            <holder>Khronos Group</holder>
        </copyright>
    </info>
    <refmeta>
        <refentrytitle>dFdx, dFdy</refentrytitle>
        <manvolnum>3G</manvolnum>
    </refmeta>
    <refnamediv>
        <refname>dFdx, dFdy</refname>
        <refpurpose>return the partial derivative of an argument with respect to x or y</refpurpose>
    </refnamediv>
    <refsynopsisdiv><title>Declaration</title>
        <funcsynopsis>
            <funcprototype>
                <funcdef>genType <function>dFdx</function></funcdef>
                <paramdef>genType <parameter>p</parameter></paramdef>
            </funcprototype>
            <funcprototype>
                <funcdef>genType <function>dFdy</function></funcdef>
                <paramdef>genType <parameter>p</parameter></paramdef>
            </funcprototype>
            <funcprototype>
                <funcdef>genType <function>dFdxCoarse</function></funcdef>
                <paramdef>genType <parameter>p</parameter></paramdef>
            </funcprototype>
            <funcprototype>
                <funcdef>genType <function>dFdyCoarse</function></funcdef>
                <paramdef>genType <parameter>p</parameter></paramdef>
            </funcprototype>
            <funcprototype>
                <funcdef>genType <function>dFdxFine</function></funcdef>
                <paramdef>genType <parameter>p</parameter></paramdef>
            </funcprototype>
            <funcprototype>
                <funcdef>genType <function>dFdyFine</function></funcdef>
                <paramdef>genType <parameter>p</parameter></paramdef>
            </funcprototype>
        </funcsynopsis>
    </refsynopsisdiv>
    <refsect1 xml:id="parameters"><title>Parameters</title>
        <variablelist>
        <varlistentry>
            <term><parameter>p</parameter></term>
            <listitem>
                <para>
                    Specifies the expression of which to take the partial
                    derivative.
                </para>
            </listitem>
        </varlistentry>
        </variablelist>
    </refsect1>
    <refsect1 xml:id="description"><title>Description</title>
        <para>
            <emphasis>Available only in the fragment shader</emphasis>,
            these functions return the partial derivative of expression
            <parameter>p</parameter> with respect to the window $x$
            coordinate (for <function>dFdx*</function>) and $y$ coordinate
            (for <function>dFdy*</function>).
        </para>
        <para>
            <function>dFdxFine</function> and <function>dFdyFine</function>
            calculate derivatives using local differencing based on on the
            value of <parameter>p</parameter> for the current fragment and
            its immediate neighbor(s).
        </para>
        <para>
            <function>dFdxCoarse</function> and
            <function>dFdyCoarse</function> calculate derivatives using
            local differencing based on the value of
            <parameter>p</parameter> for the current fragment's neighbors,
            and will possibly, but not necessarily, include the value for
            the current fragment. That is, over a given area, the
            implementation can compute derivatives in fewer unique locations
            than would be allowed for the corresponding
            <function>dFdxFine</function> and <function>dFdyFine</function>
            functions.
        </para>
        <para>
            <function>dFdx</function> returns either
            <function>dFdxCoarse</function> or
            <function>dFdxFine</function>. <function>dFdy</function> returns
            either <function>dFdyCoarse</function> or
            <function>dFdyFine</function>. The implementation may choose
            which calculation to perform based upon factors such as
            performance or the value of the API
            <constant>GL_FRAGMENT_SHADER_DERIVATIVE_HINT</constant> hint.
        </para>
        <para>
            Expressions that imply higher order
            derivatives such as <code>dFdx(dFdx(n))</code> have undefined
            results, as do mixed-order derivatives such as
            <code>dFdx(dFdy(n))</code>. It is assumed that the expression
            <parameter>p</parameter> is continuous and therefore,
            expressions evaluated via non-uniform control flow may be
            undefined.
        </para>
    </refsect1>
    <refsect1 xml:id="versions"><title>Version Support</title>
        <informaltable>
            <tgroup cols="13" align="left">
                <xi:include xmlns:xi="http://www.w3.org/2001/XInclude" href="funchead.xml" xpointer="xpointer(/*/*)"/>
                <tbody>
                    <row>
                        <entry>dFdx</entry>
                        <xi:include xmlns:xi="http://www.w3.org/2001/XInclude" href="version.xml" xpointer="xpointer(/*/*[@role='11']/*)"/>
                    </row>
                    <row>
                        <entry>dFdy</entry>
                        <xi:include xmlns:xi="http://www.w3.org/2001/XInclude" href="version.xml" xpointer="xpointer(/*/*[@role='11']/*)"/>
                    </row>
                    <row>
                        <entry>dFdxCoarse, dFdxFine, dFdyCoarse, dFdyFine</entry>
                        <xi:include xmlns:xi="http://www.w3.org/2001/XInclude" href="version.xml" xpointer="xpointer(/*/*[@role='45']/*)"/>
                    </row>
                </tbody>
            </tgroup>
        </informaltable>
    </refsect1>
    <refsect1 xml:id="seealso"><title>See Also</title>
        <para>
            <citerefentry><refentrytitle>fwidth</refentrytitle></citerefentry>,
            <citerefentry><refentrytitle>glHint</refentrytitle></citerefentry>
        </para>
    </refsect1>
    <refsect1 xml:id="Copyright"><title>Copyright</title>
        <para>
            Copyright <trademark class="copyright"/> 2011-2014 Khronos Group.
            This material may be distributed subject to the terms and conditions set forth in
            the Open Publication License, v 1.0, 8 June 1999.
            <link xmlns:xlink="http://www.w3.org/1999/xlink" xlink:href="http://opencontent.org/openpub/">http://opencontent.org/openpub/</link>.
        </para>
    </refsect1>
</refentry>
