<!DOCTYPE refentry [ <!ENTITY % mathent SYSTEM "math.ent"> %mathent; ]>

<!-- Converted by db4-upgrade version 1.1 -->

<refentry xmlns="http://docbook.org/ns/docbook" version="5.0" xml:id="floatBitsToInt">
    <info>
        <copyright>
            <year>2011-2014</year>
            <holder>Khronos Group</holder>
        </copyright>
    </info>
    <refmeta>
        <refentrytitle>floatBitsToInt</refentrytitle>
        <manvolnum>3G</manvolnum>
    </refmeta>
    <refnamediv>
        <refname>floatBitsToInt</refname>
        <refpurpose>produce the encoding of a floating point value as an integer</refpurpose>
    </refnamediv>
    <refsynopsisdiv><title>Declaration</title>
        <funcsynopsis>
            <funcprototype>
                <funcdef>genIType <function>floatBitsToInt</function></funcdef>
                <paramdef>genType <parameter>x</parameter></paramdef>
            </funcprototype>
            <funcprototype>
                <funcdef>genUType <function>floatBitsToUint</function></funcdef>
                <paramdef>genType <parameter>x</parameter></paramdef>
            </funcprototype>
        </funcsynopsis>
    </refsynopsisdiv>
    <refsect1 xml:id="parameters"><title>Parameters</title>
        <variablelist>
        <varlistentry>
            <term><parameter>x</parameter></term>
            <listitem>
                <para>
                    Specifies the value whose floating point encoding to return.
                </para>
            </listitem>
        </varlistentry>
        </variablelist>
    </refsect1>
    <refsect1 xml:id="description"><title>Description</title>
        <para>
            <function>floatBitsToInt</function> and <function>floatBitsToUint</function> return the encoding
            of their floating-point parameters as <code>int</code> or <code>uint</code>, respectively. The
            floating-point bit-level representation is preserved.
        </para>
    </refsect1>
    <refsect1 xml:id="versions"><title>Version Support</title>
        <informaltable>
            <tgroup cols="13" align="left">
                <xi:include xmlns:xi="http://www.w3.org/2001/XInclude" href="funchead.xml" xpointer="xpointer(/*/*)"/>
                <tbody>
                    <row>
                        <entry>floatBitsToInt</entry>
                        <xi:include xmlns:xi="http://www.w3.org/2001/XInclude" href="version.xml" xpointer="xpointer(/*/*[@role='33']/*)"/>
                    </row>
                    <row>
                        <entry>floatBitsToUInt</entry>
                        <xi:include xmlns:xi="http://www.w3.org/2001/XInclude" href="version.xml" xpointer="xpointer(/*/*[@role='33']/*)"/>
                    </row>
                </tbody>
            </tgroup>
        </informaltable>
    </refsect1>
    <refsect1 xml:id="seealso"><title>See Also</title>
        <para>
            <citerefentry><refentrytitle>intBitsToFloat</refentrytitle></citerefentry>,
            <!-- FIX: link to intBitsToFloat --> <function>uintBitsToFloat</function>
        </para>
    </refsect1>
    <refsect1 xml:id="Copyright"><title>Copyright</title>
        <para>
            Copyright <trademark class="copyright"/> 2011-2014 Khronos Group.
            This material may be distributed subject to the terms and conditions set forth in
            the Open Publication License, v 1.0, 8 June 1999.
            <link xmlns:xlink="http://www.w3.org/1999/xlink" xlink:href="http://opencontent.org/openpub/">http://opencontent.org/openpub/</link>.
        </para>
    </refsect1>
</refentry>
