<!DOCTYPE refentry [ <!ENTITY % mathent SYSTEM "math.ent"> %mathent; ]>

<!-- Converted by db4-upgrade version 1.1 -->

<refentry xmlns="http://docbook.org/ns/docbook" version="5.0" xml:id="glClampColor">
    <info>
        <copyright>
            <year>2010-2014</year>
            <holder>Khronos Group</holder>
        </copyright>
    </info>
    <refmeta>
        <refentrytitle>glClampColor</refentrytitle>
        <manvolnum>3G</manvolnum>
    </refmeta>
    <refnamediv>
        <refname>glClampColor</refname>
        <refpurpose>specify whether data read via <citerefentry><refentrytitle>glReadPixels</refentrytitle></citerefentry> should be clamped</refpurpose>
    </refnamediv>
    <refsynopsisdiv><title>C Specification</title>
        <funcsynopsis>
            <funcprototype>
                <funcdef>void <function>glClampColor</function></funcdef>
                <paramdef>GLenum <parameter>target</parameter></paramdef>
                <paramdef>GLenum <parameter>clamp</parameter></paramdef>
            </funcprototype>
        </funcsynopsis>
    </refsynopsisdiv>
    <refsect1 xml:id="parameters"><title>Parameters</title>
        <variablelist>
        <varlistentry>
            <term><parameter>target</parameter></term>
            <listitem>
                <para>
                    Target for color clamping. <parameter>target</parameter> must be <constant>GL_CLAMP_READ_COLOR</constant>.
                </para>
            </listitem>
        </varlistentry>
        <varlistentry>
            <term><parameter>clamp</parameter></term>
            <listitem>
                <para>
                    Specifies whether to apply color clamping. <parameter>clamp</parameter> must be <constant>GL_TRUE</constant> or <constant>GL_FALSE</constant>.
                </para>
            </listitem>
        </varlistentry>
        </variablelist>
    </refsect1>
    <refsect1 xml:id="description"><title>Description</title>
        <para>
            <function>glClampColor</function> controls color clamping that is performed during <citerefentry><refentrytitle>glReadPixels</refentrytitle></citerefentry>.
            <parameter>target</parameter> must be <constant>GL_CLAMP_READ_COLOR</constant>. If <parameter>clamp</parameter> is <constant>GL_TRUE</constant>,
            read color clamping is enabled; if <parameter>clamp</parameter> is <constant>GL_FALSE</constant>, read color clamping is disabled. If
            <parameter>clamp</parameter> is <constant>GL_FIXED_ONLY</constant>, read color clamping is enabled only if the selected read buffer has
            fixed point components and disabled otherwise.
        </para>
    </refsect1>
    <refsect1 xml:id="errors"><title>Errors</title>
        <para>
            <constant>GL_INVALID_ENUM</constant> is generated if <parameter>target</parameter> is not
            <constant>GL_CLAMP_READ_COLOR</constant>.
        </para>
        <para>
            <constant>GL_INVALID_ENUM</constant> is generated if <parameter>clamp</parameter> is not <constant>GL_TRUE</constant> or <constant>GL_FALSE</constant>.
        </para>
    </refsect1>
    <refsect1 xml:id="associatedgets"><title>Associated Gets</title>
        <para>
            <citerefentry><refentrytitle>glGet</refentrytitle></citerefentry> with argument <constant>GL_CLAMP_READ_COLOR</constant>.
        </para>
    </refsect1>
    <refsect1 xml:id="versions"><title>Version Support</title>
        <informaltable>
            <tgroup cols="13" align="left">
                <xi:include xmlns:xi="http://www.w3.org/2001/XInclude" href="apifunchead.xml" xpointer="xpointer(/*/*)"/>
                <tbody>
                    <row>
                        <entry><function>glClampColor</function></entry>
                        <xi:include xmlns:xi="http://www.w3.org/2001/XInclude" href="apiversion.xml" xpointer="xpointer(/*/*[@role='30']/*)"/>
                    </row>
                </tbody>
            </tgroup>
        </informaltable>
    </refsect1>
    <refsect1 xml:id="seealso"><title>See Also</title>
        <!-- TBD -->
    </refsect1>
    <refsect1 xml:id="Copyright"><title>Copyright</title>
        <para>
            Copyright <trademark class="copyright"/> 2010-2014 Khronos Group.
            This material may be distributed subject to the terms and conditions set forth in
            the Open Publication License, v 1.0, 8 June 1999.
            <link xmlns:xlink="http://www.w3.org/1999/xlink" xlink:href="http://opencontent.org/openpub/">http://opencontent.org/openpub/</link>.
        </para>
    </refsect1>
</refentry>
