<!DOCTYPE refentry [ <!ENTITY % mathent SYSTEM "math.ent"> %mathent; ]>

<refentry xmlns="http://docbook.org/ns/docbook" version="5.0" xml:id="glCreateVertexArrays">
    <info>
        <copyright>
            <year>2014</year>
            <holder>Khronos Group</holder>
        </copyright>
    </info>
    <refmeta>
        <refentrytitle>glCreateVertexArrays</refentrytitle>
        <manvolnum>3G</manvolnum>
    </refmeta>
    <refnamediv>
        <refname>glCreateVertexArrays</refname>
        <refpurpose>create vertex array objects</refpurpose>
    </refnamediv>
    <refsynopsisdiv><title>C Specification</title>
        <funcsynopsis>
            <funcprototype>
                <funcdef>void <function>glCreateVertexArrays</function></funcdef>
                <paramdef>GLsizei <parameter>n</parameter></paramdef>
                <paramdef>GLuint *<parameter>arrays</parameter></paramdef>
            </funcprototype>
        </funcsynopsis>
    </refsynopsisdiv>
    <refsect1 xml:id="parameters"><title>Parameters</title>
        <variablelist>
            <varlistentry>
                <term><parameter>n</parameter></term>
                <listitem>
                    <para>
                        Number of vertex array objects to create.
                    </para>
                </listitem>
            </varlistentry>
            <varlistentry>
                <term><parameter>arrays</parameter></term>
                <listitem>
                    <para>
                        Specifies an array in which names of the new vertex array
                        objects are stored.
                    </para>
                </listitem>
            </varlistentry>
        </variablelist>
    </refsect1>
    <refsect1 xml:id="description"><title>Description</title>
        <para>
            <function>glCreateVertexArrays</function> 
            returns <parameter>n</parameter> previously unused vertex array
            object names in <parameter>arrays</parameter>, each representing
            a new vertex array object initialized to the default state.
        </para>
    </refsect1>
    <refsect1 xml:id="errors"><title>Errors</title>
        <para>
            <constant>GL_INVALID_VALUE</constant> is generated if
            <parameter>n</parameter> is negative.
        </para>
    </refsect1>
    <refsect1 xml:id="versions"><title>Version Support</title>
        <informaltable>
            <tgroup cols="13" align="left">
                <xi:include xmlns:xi="http://www.w3.org/2001/XInclude" href="apifunchead.xml" xpointer="xpointer(/*/*)"/>
                <tbody>
                    <row>
                        <entry><function>glCreateVertexArrays</function></entry>
                        <xi:include xmlns:xi="http://www.w3.org/2001/XInclude" href="apiversion.xml" xpointer="xpointer(/*/*[@role='45']/*)"/>
                    </row>
                </tbody>
            </tgroup>
        </informaltable>
    </refsect1>
    <refsect1 xml:id="seealso"><title>See Also</title>
        <para>
            <citerefentry><refentrytitle>glBindVertexArray</refentrytitle></citerefentry>,
            <citerefentry><refentrytitle>glDeleteVertexArrays</refentrytitle></citerefentry>
            <citerefentry><refentrytitle>glEnableVertexAttribArray</refentrytitle></citerefentry>
            <citerefentry><refentrytitle>glGenVertexArrays</refentrytitle></citerefentry>,
            <citerefentry><refentrytitle>glIsVertexArray</refentrytitle></citerefentry>,
            <citerefentry><refentrytitle>glVertexAttribPointer</refentrytitle></citerefentry>
        </para>
    </refsect1>
    <refsect1 xml:id="Copyright"><title>Copyright</title>
        <para>
            Copyright <trademark class="copyright"/> 2014 Khronos Group.
            This material may be distributed subject to the terms and conditions set forth in
            the Open Publication License, v 1.0, 8 June 1999.
            <link xmlns:xlink="http://www.w3.org/1999/xlink" xlink:href="http://opencontent.org/openpub/">http://opencontent.org/openpub/</link>.
        </para>
    </refsect1>
</refentry>
