<!DOCTYPE refentry [ <!ENTITY % mathent SYSTEM "math.ent"> %mathent; ]>

<!-- Converted by db4-upgrade version 1.1 -->

<refentry xmlns="http://docbook.org/ns/docbook" version="5.0" xml:id="glDeleteQueries">
    <info>
        <copyright>
            <year>2005</year>
            <holder>Sams Publishing</holder>
        </copyright>
        <copyright>
            <year>2010-2014</year>
            <holder>Khronos Group</holder>
        </copyright>
    </info>
    <refmeta>
        <refentrytitle>glDeleteQueries</refentrytitle>
        <manvolnum>3G</manvolnum>
    </refmeta>
    <refnamediv>
        <refname>glDeleteQueries</refname>
        <refpurpose>delete named query objects</refpurpose>
    </refnamediv>
    <refsynopsisdiv><title>C Specification</title>
        <funcsynopsis>
            <funcprototype>
                <funcdef>void <function>glDeleteQueries</function></funcdef>
                <paramdef>GLsizei <parameter>n</parameter></paramdef>
                <paramdef>const GLuint * <parameter>ids</parameter></paramdef>
            </funcprototype>
        </funcsynopsis>
    </refsynopsisdiv>
    <refsect1 xml:id="parameters"><title>Parameters</title>
        <variablelist>
        <varlistentry>
            <term><parameter>n</parameter></term>
            <listitem>
                <para>
                    Specifies the number of query objects to be deleted.
                </para>
            </listitem>
        </varlistentry>
        <varlistentry>
            <term><parameter>ids</parameter></term>
            <listitem>
                <para>
                    Specifies an array of query objects to be deleted.
                </para>
            </listitem>
        </varlistentry>
        </variablelist>
    </refsect1>
    <refsect1 xml:id="description"><title>Description</title>
        <para>
            <function>glDeleteQueries</function> deletes <parameter>n</parameter> query objects named by the elements of the array <parameter>ids</parameter>.
            After a query object is deleted, it has no contents,
            and its name is free for reuse (for example by <citerefentry><refentrytitle>glGenQueries</refentrytitle></citerefentry>).
        </para>
        <para>
            <function>glDeleteQueries</function> silently ignores 0's and names that do not correspond to
            existing query objects.
        </para>
    </refsect1>
    <refsect1 xml:id="errors"><title>Errors</title>
        <para>
            <constant>GL_INVALID_VALUE</constant> is generated if <parameter>n</parameter> is negative.
        </para>
    </refsect1>
    <refsect1 xml:id="associatedgets"><title>Associated Gets</title>
        <para>
            <citerefentry><refentrytitle>glIsQuery</refentrytitle></citerefentry>
        </para>
    </refsect1>
    <refsect1 xml:id="versions"><title>Version Support</title>
        <informaltable>
            <tgroup cols="13" align="left">
                <xi:include xmlns:xi="http://www.w3.org/2001/XInclude" href="apifunchead.xml" xpointer="xpointer(/*/*)"/>
                <tbody>
                    <row>
                        <entry><function>glDeleteQueries</function></entry>
                        <xi:include xmlns:xi="http://www.w3.org/2001/XInclude" href="apiversion.xml" xpointer="xpointer(/*/*[@role='20']/*)"/>
                    </row>
                </tbody>
            </tgroup>
        </informaltable>
    </refsect1>
    <refsect1 xml:id="seealso"><title>See Also</title>
        <para>
            <citerefentry><refentrytitle>glBeginQuery</refentrytitle></citerefentry>,
            <!-- FIX: link to glBeginQuery --> <function>glEndQuery</function>,
            <citerefentry><refentrytitle>glGenQueries</refentrytitle></citerefentry>,
            <citerefentry><refentrytitle>glGetQueryiv</refentrytitle></citerefentry>,
            <citerefentry><refentrytitle>glGetQueryObject</refentrytitle></citerefentry>
        </para>
    </refsect1>
    <refsect1 xml:id="Copyright"><title>Copyright</title>
        <para>
            Copyright <trademark class="copyright"/> 2005 Addison-Wesley.
            Copyright <trademark class="copyright"/> 2010-2014 Khronos Group.
            This material may be distributed subject to the terms and conditions set forth in
            the Open Publication License, v 1.0, 8 June 1999.
            <link xmlns:xlink="http://www.w3.org/1999/xlink" xlink:href="http://opencontent.org/openpub/">http://opencontent.org/openpub/</link>.
        </para>
    </refsect1>
</refentry>
