<!DOCTYPE refentry [ <!ENTITY % mathent SYSTEM "math.ent"> %mathent; ]>

<refentry xmlns="http://docbook.org/ns/docbook" version="5.0" xml:id="glGetBufferSubData">
    <info>
        <copyright>
            <year>2005</year>
            <holder>Sams Publishing</holder>
        </copyright>
        <copyright>
            <year>2011-2014</year>
            <holder>Khronos Group</holder>
        </copyright>
    </info>
    <refmeta>
        <refentrytitle>glGetBufferSubData</refentrytitle>
        <manvolnum>3G</manvolnum>
    </refmeta>
    <refnamediv>
        <refname>glGetBufferSubData</refname>
        <refname>glGetNamedBufferSubData</refname>
        <refpurpose>returns a subset of a buffer object's data store</refpurpose>
    </refnamediv>
    <refsynopsisdiv><title>C Specification</title>
        <funcsynopsis>
            <funcprototype>
                <funcdef>void <function>glGetBufferSubData</function></funcdef>
                <paramdef>GLenum <parameter>target</parameter></paramdef>
                <paramdef>GLintptr <parameter>offset</parameter></paramdef>
                <paramdef>GLsizeiptr <parameter>size</parameter></paramdef>
                <paramdef>GLvoid * <parameter>data</parameter></paramdef>
            </funcprototype>
            <funcprototype>
                <funcdef>void <function>glGetNamedBufferSubData</function></funcdef>
                <paramdef>GLuint <parameter>buffer</parameter></paramdef>
                <paramdef>GLintptr <parameter>offset</parameter></paramdef>
                <paramdef>GLsizei <parameter>size</parameter></paramdef>
                <paramdef>void *<parameter>data</parameter></paramdef>
            </funcprototype>
        </funcsynopsis>
    </refsynopsisdiv>
    <refsect1 xml:id="parameters"><title>Parameters</title>
        <variablelist>
        <varlistentry>
            <term><parameter>target</parameter></term>
            <listitem>
                <para>
                    Specifies the target to which the buffer object is bound
                    for <function>glGetBufferSubData</function>, which must
                    be one of the buffer binding targets in the following
                    table:
                </para>
                <xi:include xmlns:xi="http://www.w3.org/2001/XInclude" href="bufferbindings.xml"/>
            </listitem>
        </varlistentry>
        <varlistentry>
            <term><parameter>buffer</parameter></term>
            <listitem>
                <para>
                    Specifies the name of the buffer object for
                    <function>glGetNamedBufferSubData</function>.
                </para>
            </listitem>
        </varlistentry>
        <varlistentry>
            <term><parameter>offset</parameter></term>
            <listitem>
                <para>
                    Specifies the offset into the buffer object's data store
                    from which data will be returned, measured in bytes.
                </para>
            </listitem>
        </varlistentry>
        <varlistentry>
            <term><parameter>size</parameter></term>
            <listitem>
                <para>
                    Specifies the size in bytes of the data store region being returned.
                </para>
            </listitem>
        </varlistentry>
        <varlistentry>
            <term><parameter>data</parameter></term>
            <listitem>
                <para>
                    Specifies a pointer to the location where buffer object data is returned.
                </para>
            </listitem>
        </varlistentry>
        </variablelist>
    </refsect1>
    <refsect1 xml:id="description"><title>Description</title>
        <para>
            <function>glGetBufferSubData</function> and
            <function>glGetNamedBufferSubData</function> return some or all
            of the data contents of the data store of the specified buffer
            object. Data starting at byte offset
            <parameter>offset</parameter> and extending for
            <parameter>size</parameter> bytes is copied from the buffer
            object's data store to the memory pointed to by
            <parameter>data</parameter>. An error is thrown if the buffer
            object is currently mapped, or if <parameter>offset</parameter>
            and <parameter>size</parameter> together define a range beyond
            the bounds of the buffer object's data store.
        </para>
    </refsect1>
    <refsect1 xml:id="notes"><title>Notes</title>
        <para>
            If an error is generated, no change is made to the contents of
            <parameter>data</parameter>.
        </para>
        <para>
            The <constant>GL_ATOMIC_COUNTER_BUFFER</constant> target is
            available only if the GL version is 4.2 or greater.
        </para>
        <para>
            The <constant>GL_DISPATCH_INDIRECT_BUFFER</constant> and
            <constant>GL_SHADER_STORAGE_BUFFER</constant> targets are
            available only if the GL version is 4.3 or greater.
        </para>
        <para>
            The <constant>GL_QUERY_BUFFER</constant> target is available
            only if the GL version is 4.4 or greater.
        </para>
    </refsect1>
    <refsect1 xml:id="errors"><title>Errors</title>
        <para>
            <constant>GL_INVALID_ENUM</constant> is generated by
            <function>glGetBufferSubData</function>
            if <parameter>target</parameter> is not one of the generic
            buffer binding targets.
        </para>
        <para>
            <constant>GL_INVALID_OPERATION</constant> is generated by
            <function>glGetBufferSubData</function> if zero is bound to
            <parameter>target</parameter>.
        </para>
        <para>
            <constant>GL_INVALID_OPERATION</constant> is generated by
            <function>glGetNamedBufferSubData</function> if
            <parameter>buffer</parameter> is not the name of an existing
            buffer object.
        </para>
        <para>
            <constant>GL_INVALID_VALUE</constant> is generated if
            <parameter>offset</parameter> or <parameter>size</parameter> is
            negative, or if $offset + size$ is greater than the value of
            <constant>GL_BUFFER_SIZE</constant> for the buffer object.
        </para>
        <para>
            <constant>GL_INVALID_OPERATION</constant> is generated if the
            buffer object is mapped with
            <citerefentry><refentrytitle>glMapBufferRange</refentrytitle></citerefentry>
            or
            <citerefentry><refentrytitle>glMapBuffer</refentrytitle></citerefentry>,
            unless it was mapped with the
            <constant>GL_MAP_PERSISTENT_BIT</constant> bit set in the
            <function>glMapBufferRange</function>
            <parameter>access</parameter> flags.
        </para>
    </refsect1>
    <refsect1 xml:id="versions"><title>Version Support</title>
        <informaltable>
            <tgroup cols="13" align="left">
                <xi:include xmlns:xi="http://www.w3.org/2001/XInclude" href="apifunchead.xml" xpointer="xpointer(/*/*)"/>
                <tbody>
                    <row>
                        <entry><function>glGetBufferSubData</function></entry>
                        <xi:include xmlns:xi="http://www.w3.org/2001/XInclude" href="apiversion.xml" xpointer="xpointer(/*/*[@role='20']/*)"/>
                    </row>
                    <row>
                        <entry><function>glGetNamedBufferSubData</function></entry>
                        <xi:include xmlns:xi="http://www.w3.org/2001/XInclude" href="apiversion.xml" xpointer="xpointer(/*/*[@role='45']/*)"/>
                    </row>
                </tbody>
            </tgroup>
        </informaltable>
    </refsect1>
    <refsect1 xml:id="seealso"><title>See Also</title>
        <para>
            <citerefentry><refentrytitle>glBindBuffer</refentrytitle></citerefentry>,
            <citerefentry><refentrytitle>glBufferData</refentrytitle></citerefentry>,
            <citerefentry><refentrytitle>glBufferSubData</refentrytitle></citerefentry>,
            <citerefentry><refentrytitle>glMapBuffer</refentrytitle></citerefentry>,
            <citerefentry><refentrytitle>glUnmapBuffer</refentrytitle></citerefentry>
        </para>
    </refsect1>
    <refsect1 xml:id="Copyright"><title>Copyright</title>
        <para>
            Copyright <trademark class="copyright"/> 2005 Addison-Wesley.
            Copyright <trademark class="copyright"/> 2011-2014 Khronos Group.
            This material may be distributed subject to the terms and conditions set forth in
            the Open Publication License, v 1.0, 8 June 1999.
            <link xmlns:xlink="http://www.w3.org/1999/xlink" xlink:href="http://opencontent.org/openpub/">http://opencontent.org/openpub/</link>.
        </para>
    </refsect1>
</refentry>
