<!DOCTYPE refentry [ <!ENTITY % mathent SYSTEM "math.ent"> %mathent; ]>

<!-- Converted by db4-upgrade version 1.1 -->

<refentry xmlns="http://docbook.org/ns/docbook" version="5.0" xml:id="glObjectLabel">
    <info>
        <copyright>
            <year>2013-2014</year>
            <holder>Khronos Group</holder>
        </copyright>
    </info>
    <refmeta>
        <refentrytitle>glObjectLabel</refentrytitle>
        <manvolnum>3G</manvolnum>
    </refmeta>
    <refnamediv>
        <refname>glObjectLabel</refname>
        <refpurpose>label a named object identified within a namespace</refpurpose>
    </refnamediv>
    <refsynopsisdiv><title>C Specification</title>
        <funcsynopsis>
            <funcprototype>
                <funcdef>void <function>glObjectLabel</function></funcdef>
                <paramdef>GLenum <parameter>identifier</parameter></paramdef>
                <paramdef>GLuint <parameter>name</parameter></paramdef>
                <paramdef>GLsizei <parameter>length</parameter></paramdef>
                <paramdef>const char * <parameter>label</parameter></paramdef>
            </funcprototype>
        </funcsynopsis>
    </refsynopsisdiv>
    <refsect1 xml:id="parameters"><title>Parameters</title>
        <variablelist>
        <varlistentry>
            <term><parameter>identifier</parameter></term>
            <listitem>
                <para>
                    The namespace from which the name of the object is allocated.
                </para>
            </listitem>
        </varlistentry>
        <varlistentry>
            <term><parameter>name</parameter></term>
            <listitem>
                <para>
                    The name of the object to label.
                </para>
            </listitem>
        </varlistentry>
        <varlistentry>
            <term><parameter>length</parameter></term>
            <listitem>
                <para>
                    The length of the label to be used for the object.
                </para>
            </listitem>
        </varlistentry>
        <varlistentry>
            <term><parameter>label</parameter></term>
            <listitem>
                <para>
                    The address of a string containing the label to assign to the object.
                </para>
            </listitem>
        </varlistentry>
        </variablelist>
    </refsect1>
    <refsect1 xml:id="description"><title>Description</title>
        <para>
            <function>glObjectLabel</function> labels the object identified by
            <parameter>name</parameter> within the namespace given by <parameter>identifier</parameter>.
            <parameter>identifier</parameter> must be one of <constant>GL_BUFFER</constant>, <constant>GL_SHADER</constant>,
            <constant>GL_PROGRAM</constant>, <constant>GL_VERTEX_ARRAY</constant>, <constant>GL_QUERY</constant>,
            <constant>GL_PROGRAM_PIPELINE</constant>, <constant>GL_TRANSFORM_FEEDBACK</constant>, <constant>GL_SAMPLER</constant>,
            <constant>GL_TEXTURE</constant>, <constant>GL_RENDERBUFFER</constant>, <constant>GL_FRAMEBUFFER</constant>,
            to indicate the namespace containing the names of buffers, shaders, programs, vertex array objects, query objects,
            program pipelines, transform feedback objects, samplers, textures, renderbuffers and frame
            buffers, respectively.
        </para>
        <para>
            <parameter>label</parameter> is the address of a string that will be used to label an object.
            <parameter>length</parameter> contains the number of characters in <parameter>label</parameter>.
            If <parameter>length</parameter> is negative, it is implied that
            <parameter>label</parameter> contains a null-terminated string. If <parameter>label</parameter>
            is NULL, any debug label is effectively removed from the object.
        </para>
    </refsect1>
    <refsect1 xml:id="errors"><title>Errors</title>
        <para>
            <constant>GL_INVALID_ENUM</constant> is generated if <parameter>identifier</parameter>
            is not one of the accepted object types.
        </para>
        <para>
            <constant>GL_INVALID_OPERATION</constant> is generated if <parameter>name</parameter>
            is not the name of an existing object of the type specified by <parameter>identifier</parameter>.
        </para>
        <para>
            <constant>GL_INVALID_VALUE</constant> is generated if the number of characters in
            <parameter>label</parameter>, excluding the null terminator when <parameter>length</parameter>
            is negative, is greater than the value of <constant>GL_MAX_LABEL_LENGTH</constant>.
        </para>
    </refsect1>
    <refsect1 xml:id="associatedgets"><title>Associated Gets</title>
        <para>
            <citerefentry><refentrytitle>glGet</refentrytitle></citerefentry> with argument <constant>GL_MAX_LABEL_LENGTH</constant>.
        </para>
    </refsect1>
    <refsect1 xml:id="versions"><title>Version Support</title>
        <informaltable>
            <tgroup cols="13" align="left">
                <xi:include xmlns:xi="http://www.w3.org/2001/XInclude" href="apifunchead.xml" xpointer="xpointer(/*/*)"/>
                <tbody>
                    <row>
                        <entry><function>glObjectLabel</function></entry>
                        <xi:include xmlns:xi="http://www.w3.org/2001/XInclude" href="apiversion.xml" xpointer="xpointer(/*/*[@role='43']/*)"/>
                    </row>
                </tbody>
            </tgroup>
        </informaltable>
    </refsect1>
    <refsect1 xml:id="seealso"><title>See Also</title>
        <para>
            <citerefentry><refentrytitle>glPushDebugGroup</refentrytitle></citerefentry>,
            <citerefentry><refentrytitle>glPopDebugGroup</refentrytitle></citerefentry>,
            <citerefentry><refentrytitle>glObjectPtrLabel</refentrytitle></citerefentry>.
        </para>
    </refsect1>
    <refsect1 xml:id="Copyright"><title>Copyright</title>
        <para>
            Copyright <trademark class="copyright"/> 2013-2014 Khronos Group.
            This material may be distributed subject to the terms and conditions set forth in
            the Open Publication License, v 1.0, 8 June 1999.
            <link xmlns:xlink="http://www.w3.org/1999/xlink" xlink:href="http://opencontent.org/openpub/">http://opencontent.org/openpub/</link>.
        </para>
    </refsect1>
</refentry>
