<!DOCTYPE refentry [ <!ENTITY % mathent SYSTEM "math.ent"> %mathent; ]>

<!-- Converted by db4-upgrade version 1.1 -->

<refentry xmlns="http://docbook.org/ns/docbook" version="5.0" xml:id="interpolateAtSample">
    <info>
        <copyright>
            <year>2011-2014</year>
            <holder>Khronos Group</holder>
        </copyright>
    </info>
    <refmeta>
        <refentrytitle>interpolateAtSample</refentrytitle>
        <manvolnum>3G</manvolnum>
    </refmeta>
    <refnamediv>
        <refname>interpolateAtSample</refname>
        <refpurpose>sample a varying at the location of a specified sample</refpurpose>
    </refnamediv>
    <refsynopsisdiv><title>Declaration</title>
        <funcsynopsis>
            <funcprototype>
                <funcdef>float <function>interpolateAtSample</function></funcdef>
                <paramdef>float <parameter>interpolant</parameter></paramdef>
                <paramdef>int <parameter>sample</parameter></paramdef>
            </funcprototype>
            <funcprototype>
                <funcdef>vec2 <function>interpolateAtSample</function></funcdef>
                <paramdef>vec2 <parameter>interpolant</parameter></paramdef>
                <paramdef>int <parameter>sample</parameter></paramdef>
            </funcprototype>
            <funcprototype>
                <funcdef>vec3 <function>interpolateAtSample</function></funcdef>
                <paramdef>vec3 <parameter>interpolant</parameter></paramdef>
                <paramdef>int <parameter>sample</parameter></paramdef>
            </funcprototype>
            <funcprototype>
                <funcdef>vec4 <function>interpolateAtSample</function></funcdef>
                <paramdef>vec4 <parameter>interpolant</parameter></paramdef>
                <paramdef>int <parameter>sample</parameter></paramdef>
            </funcprototype>
        </funcsynopsis>
    </refsynopsisdiv>
    <refsect1 xml:id="parameters"><title>Parameters</title>
        <variablelist>
        <varlistentry>
            <term><parameter>interpolant</parameter></term>
            <listitem>
                <para>
                    Specifies the interpolant to be sampled at the location of sample <parameter>sample</parameter>.
                </para>
            </listitem>
        </varlistentry>
        <varlistentry>
            <term><parameter>sample</parameter></term>
            <listitem>
                <para>
                    Specifies the index of the sample whose location will be used to sample <parameter>interpolant</parameter>.
                </para>
            </listitem>
        </varlistentry>
        </variablelist>
    </refsect1>
    <refsect1 xml:id="description"><title>Description</title>
        <para>
            <function>interpolateAtSample</function> returns the value of the input varying <parameter>interpolant</parameter>
            sampled at the location of sample number <parameter>sample</parameter>. If multisample buffers are not available,
            the input varying will be evaluated at the center of the pixel. If sample <parameter>sample</parameter> does not
            exist, the position used to interpolate the input varying is undefined.
        </para>
    </refsect1>
    <refsect1 xml:id="versions"><title>Version Support</title>
        <informaltable>
            <tgroup cols="13" align="left">
                <xi:include xmlns:xi="http://www.w3.org/2001/XInclude" href="funchead.xml" xpointer="xpointer(/*/*)"/>
                <tbody>
                    <row>
                        <entry>interpolateAtSample</entry>
                        <xi:include xmlns:xi="http://www.w3.org/2001/XInclude" href="version.xml" xpointer="xpointer(/*/*[@role='40']/*)"/>
                    </row>
                </tbody>
            </tgroup>
        </informaltable>
    </refsect1>
    <refsect1 xml:id="seealso"><title>See Also</title>
        <para>
            <citerefentry><refentrytitle>interpolateAtCentroid</refentrytitle></citerefentry>,
            <citerefentry><refentrytitle>interpolateAtOffset</refentrytitle></citerefentry>
        </para>
    </refsect1>
    <refsect1 xml:id="Copyright"><title>Copyright</title>
        <para>
            Copyright <trademark class="copyright"/> 2011-2014 Khronos Group.
            This material may be distributed subject to the terms and conditions set forth in
            the Open Publication License, v 1.0, 8 June 1999.
            <link xmlns:xlink="http://www.w3.org/1999/xlink" xlink:href="http://opencontent.org/openpub/">http://opencontent.org/openpub/</link>.
        </para>
    </refsect1>
</refentry>
