<!DOCTYPE refentry [ <!ENTITY % mathent SYSTEM "math.ent"> %mathent; ]>

<!-- Converted by db4-upgrade version 1.1 -->

<refentry xmlns="http://docbook.org/ns/docbook" version="5.0" xml:id="lessThanEqual">
    <info>
        <copyright>
            <year>2011-2014</year>
            <holder>Khronos Group</holder>
        </copyright>
    </info>
    <refmeta>
        <refentrytitle>lessThanEqual</refentrytitle>
        <manvolnum>3G</manvolnum>
    </refmeta>
    <refnamediv>
        <refname>lessThanEqual</refname>
        <refpurpose>perform a component-wise less-than-or-equal comparison of two vectors</refpurpose>
    </refnamediv>
    <refsynopsisdiv><title>Declaration</title>
        <funcsynopsis>
            <funcprototype>
                <funcdef>bvec <function>lessThanEqual</function></funcdef>
                <paramdef>vec <parameter>x</parameter></paramdef>
                <paramdef>vec <parameter>y</parameter></paramdef>
            </funcprototype>
            <funcprototype>
                <funcdef>bvec <function>lessThanEqual</function></funcdef>
                <paramdef>ivec <parameter>x</parameter></paramdef>
                <paramdef>ivec <parameter>y</parameter></paramdef>
            </funcprototype>
            <funcprototype>
                <funcdef>bvec <function>lessThanEqual</function></funcdef>
                <paramdef>uvec <parameter>x</parameter></paramdef>
                <paramdef>uvec <parameter>y</parameter></paramdef>
            </funcprototype>
        </funcsynopsis>
    </refsynopsisdiv>
    <refsect1 xml:id="parameters"><title>Parameters</title>
        <variablelist>
        <varlistentry>
            <term><parameter>x</parameter></term>
            <listitem>
                <para>
                    Specifies the first vector to be used in the comparison operation.
                </para>
            </listitem>
        </varlistentry>
        <varlistentry>
            <term><parameter>y</parameter></term>
            <listitem>
                <para>
                    Specifies the second vector to be used in the comparison operation.
                </para>
            </listitem>
        </varlistentry>
        </variablelist>
    </refsect1>
    <refsect1 xml:id="description"><title>Description</title>
        <para>
            <function>lessThanEqual</function> returns a boolean vector in which each element <emphasis>i</emphasis> is computed
            as <parameter>x</parameter>[<emphasis>i</emphasis>] &le; <parameter>y</parameter>[<emphasis>i</emphasis>].
        </para>
    </refsect1>
    <refsect1 xml:id="versions"><title>Version Support</title>
        <informaltable>
            <tgroup cols="13" align="left">
                <xi:include xmlns:xi="http://www.w3.org/2001/XInclude" href="funchead.xml" xpointer="xpointer(/*/*)"/>
                <tbody>
                    <row>
                        <entry>lessThanEqual (vec)</entry>
                        <xi:include xmlns:xi="http://www.w3.org/2001/XInclude" href="version.xml" xpointer="xpointer(/*/*[@role='11']/*)"/>
                    </row>
                    <row>
                        <entry>lessThanEqual (ivec)</entry>
                        <xi:include xmlns:xi="http://www.w3.org/2001/XInclude" href="version.xml" xpointer="xpointer(/*/*[@role='11']/*)"/>
                    </row>
                    <row>
                        <entry>lessThanEqual (uvec)</entry>
                        <xi:include xmlns:xi="http://www.w3.org/2001/XInclude" href="version.xml" xpointer="xpointer(/*/*[@role='13']/*)"/>
                    </row>
                </tbody>
            </tgroup>
        </informaltable>
    </refsect1>
    <refsect1 xml:id="seealso"><title>See Also</title>
        <para>
            <citerefentry><refentrytitle>lessThan</refentrytitle></citerefentry>,
            <citerefentry><refentrytitle>greaterThan</refentrytitle></citerefentry>,
            <citerefentry><refentrytitle>greaterThanEqual</refentrytitle></citerefentry>,
            <citerefentry><refentrytitle>equal</refentrytitle></citerefentry>,
            <citerefentry><refentrytitle>notEqual</refentrytitle></citerefentry>,
            <citerefentry><refentrytitle>any</refentrytitle></citerefentry>,
            <citerefentry><refentrytitle>all</refentrytitle></citerefentry>,
            <citerefentry><refentrytitle>not</refentrytitle></citerefentry>
        </para>
    </refsect1>
    <refsect1 xml:id="Copyright"><title>Copyright</title>
        <para>
            Copyright <trademark class="copyright"/> 2011-2014 Khronos Group.
            This material may be distributed subject to the terms and conditions set forth in
            the Open Publication License, v 1.0, 8 June 1999.
            <link xmlns:xlink="http://www.w3.org/1999/xlink" xlink:href="http://opencontent.org/openpub/">http://opencontent.org/openpub/</link>.
        </para>
    </refsect1>
</refentry>
