<!DOCTYPE refentry [ <!ENTITY % mathent SYSTEM "math.ent"> %mathent; ]>

<!-- Converted by db4-upgrade version 1.1 -->

<refentry xmlns="http://docbook.org/ns/docbook" version="5.0" xml:id="max">
    <info>
        <copyright>
            <year>2011-2014</year>
            <holder>Khronos Group</holder>
        </copyright>
    </info>
    <refmeta>
        <refentrytitle>max</refentrytitle>
        <manvolnum>3G</manvolnum>
    </refmeta>
    <refnamediv>
        <refname>max</refname>
        <refpurpose>return the greater of two values</refpurpose>
    </refnamediv>
    <refsynopsisdiv><title>Declaration</title>
        <funcsynopsis>
            <funcprototype>
                <funcdef>genType <function>max</function></funcdef>
                <paramdef>genType <parameter>x</parameter></paramdef>
                <paramdef>genType <parameter>y</parameter></paramdef>
            </funcprototype>
        </funcsynopsis>
        <funcsynopsis>
            <funcprototype>
                <funcdef>genType <function>max</function></funcdef>
                <paramdef>genType <parameter>x</parameter></paramdef>
                <paramdef>float <parameter>y</parameter></paramdef>
            </funcprototype>
        </funcsynopsis>
        <funcsynopsis>
            <funcprototype>
                <funcdef>genDType <function>max</function></funcdef>
                <paramdef>genDType <parameter>x</parameter></paramdef>
                <paramdef>genDType <parameter>y</parameter></paramdef>
            </funcprototype>
        </funcsynopsis>
        <funcsynopsis>
            <funcprototype>
                <funcdef>genDType <function>max</function></funcdef>
                <paramdef>genDType <parameter>x</parameter></paramdef>
                <paramdef>double <parameter>y</parameter></paramdef>
            </funcprototype>
        </funcsynopsis>
        <funcsynopsis>
            <funcprototype>
                <funcdef>genIType <function>max</function></funcdef>
                <paramdef>genIType <parameter>x</parameter></paramdef>
                <paramdef>genIType <parameter>y</parameter></paramdef>
            </funcprototype>
        </funcsynopsis>
        <funcsynopsis>
            <funcprototype>
                <funcdef>genIType <function>max</function></funcdef>
                <paramdef>genIType <parameter>x</parameter></paramdef>
                <paramdef>int <parameter>y</parameter></paramdef>
            </funcprototype>
        </funcsynopsis>
        <funcsynopsis>
            <funcprototype>
                <funcdef>genUType <function>max</function></funcdef>
                <paramdef>genUType <parameter>x</parameter></paramdef>
                <paramdef>genUType <parameter>y</parameter></paramdef>
            </funcprototype>
        </funcsynopsis>
        <funcsynopsis>
            <funcprototype>
                <funcdef>genUType <function>max</function></funcdef>
                <paramdef>genUType <parameter>x</parameter></paramdef>
                <paramdef>uint <parameter>y</parameter></paramdef>
            </funcprototype>
        </funcsynopsis>
    </refsynopsisdiv>
    <refsect1 xml:id="parameters"><title>Parameters</title>
        <variablelist>
        <varlistentry>
            <term><parameter>x</parameter></term>
            <listitem>
                <para>
                    Specify the first value to compare.
                </para>
            </listitem>
        </varlistentry>
        <varlistentry>
            <term><parameter>y</parameter></term>
            <listitem>
                <para>
                    Specify the second value to compare.
                </para>
            </listitem>
        </varlistentry>
        </variablelist>
    </refsect1>
    <refsect1 xml:id="description"><title>Description</title>
        <para>
            <function>max</function> returns the maximum of the two parameters. It
            returns <parameter>y</parameter> if <parameter>y</parameter> is greater than
            <parameter>x</parameter>, otherwise it returns <parameter>x</parameter>.
        </para>
    </refsect1>
    <refsect1 xml:id="versions"><title>Version Support</title>
        <informaltable>
            <tgroup cols="13" align="left">
                <xi:include xmlns:xi="http://www.w3.org/2001/XInclude" href="funchead.xml" xpointer="xpointer(/*/*)"/>
                <tbody>
                    <row>
                        <entry>max (genType)</entry>
                        <xi:include xmlns:xi="http://www.w3.org/2001/XInclude" href="version.xml" xpointer="xpointer(/*/*[@role='11']/*)"/>
                    </row>
                    <row>
                        <entry>max (genIType)</entry>
                        <xi:include xmlns:xi="http://www.w3.org/2001/XInclude" href="version.xml" xpointer="xpointer(/*/*[@role='13']/*)"/>
                    </row>
                    <row>
                        <entry>max (genUType)</entry>
                        <xi:include xmlns:xi="http://www.w3.org/2001/XInclude" href="version.xml" xpointer="xpointer(/*/*[@role='13']/*)"/>
                    </row>
                    <row>
                        <entry>max (genDType)</entry>
                        <xi:include xmlns:xi="http://www.w3.org/2001/XInclude" href="version.xml" xpointer="xpointer(/*/*[@role='40']/*)"/>
                    </row>
                </tbody>
            </tgroup>
        </informaltable>
    </refsect1>
    <refsect1 xml:id="seealso"><title>See Also</title>
        <para>
            <citerefentry><refentrytitle>min</refentrytitle></citerefentry>,
            <citerefentry><refentrytitle>abs</refentrytitle></citerefentry>
        </para>
    </refsect1>
    <refsect1 xml:id="Copyright"><title>Copyright</title>
        <para>
            Copyright <trademark class="copyright"/> 2011-2014 Khronos Group.
            This material may be distributed subject to the terms and conditions set forth in
            the Open Publication License, v 1.0, 8 June 1999.
            <link xmlns:xlink="http://www.w3.org/1999/xlink" xlink:href="http://opencontent.org/openpub/">http://opencontent.org/openpub/</link>.
        </para>
    </refsect1>
</refentry>
