<?xml version="1.0" encoding="UTF-8"?>
<!DOCTYPE book PUBLIC "-//OASIS//DTD DocBook MathML Module V1.1b1//EN"
              "http://www.oasis-open.org/docbook/xml/mathml/1.1CR1/dbmathml.dtd">
<refentry id="glBindRenderbuffer">
    <refmeta>
        <refmetainfo>
            <copyright>
                <year>2010</year>
                <holder>Khronos Group</holder>
            </copyright>
        </refmetainfo>
        <refentrytitle>glBindRenderbuffer</refentrytitle>
        <manvolnum>3G</manvolnum>
    </refmeta>
    <refnamediv>
        <refname>glBindRenderbuffer</refname>
        <refpurpose>bind a renderbuffer to a renderbuffer target</refpurpose>
    </refnamediv>
    <refsynopsisdiv><title>C Specification</title>
        <funcsynopsis>
            <funcprototype>
                <funcdef>void <function>glBindRenderbuffer</function></funcdef>
                <paramdef>GLenum <parameter>target</parameter></paramdef>
                <paramdef>GLuint <parameter>renderbuffer</parameter></paramdef>
            </funcprototype>
        </funcsynopsis>
    </refsynopsisdiv>
    <refsect1 id="parameters"><title>Parameters</title>
        <variablelist>
        <varlistentry>
            <term><parameter>target</parameter></term>
            <listitem>
                <para>
                    Specifies the renderbuffer target of the binding operation. <parameter>target</parameter> must be <constant>GL_RENDERBUFFER</constant>.
                </para>
            </listitem>
        </varlistentry>
        <varlistentry>
            <term><parameter>renderbuffer</parameter></term>
            <listitem>
                <para>
                    Specifies the name of the renderbuffer object to bind.
                </para>
            </listitem>
        </varlistentry>
        </variablelist>
    </refsect1>
    <refsect1 id="description"><title>Description</title>
        <para>
            <function>glBindRenderbuffer</function> binds the renderbuffer object with name <parameter>renderbuffer</parameter> to the renderbuffer target specified
            by <parameter>target</parameter>. <parameter>target</parameter> must be <constant>GL_RENDERBUFFER</constant>. <parameter>renderbuffer</parameter>
            is the name of a renderbuffer object previously returned from a call to <citerefentry><refentrytitle>glGenRenderbuffers</refentrytitle></citerefentry>,
            or zero to break the existing binding of a renderbuffer object to <parameter>target</parameter>.
        </para>
    </refsect1>
    <refsect1 id="errors"><title>Errors</title>
        <para>
            <constant>GL_INVALID_ENUM</constant> is generated if <parameter>target</parameter> is not <constant>GL_RENDERBUFFER</constant>.
        </para>
        <para>
            <constant>GL_INVALID_OPERATION</constant> is generated if <parameter>renderbuffer</parameter> is not zero or the name of a renderbuffer
            previously returned from a call to <citerefentry><refentrytitle>glGenRenderbuffers</refentrytitle></citerefentry>.
        </para>
    </refsect1>
    <refsect1 id="seealso"><title>See Also</title>
        <para>
            <citerefentry><refentrytitle>glGenRenderbuffers</refentrytitle></citerefentry>,
            <citerefentry><refentrytitle>glDeleteRenderbuffers</refentrytitle></citerefentry>,
            <citerefentry><refentrytitle>glRenderbufferStorage</refentrytitle></citerefentry>,
            <citerefentry><refentrytitle>glRenderbufferStorageMultisample</refentrytitle></citerefentry>,
            <citerefentry><refentrytitle>glIsRenderbuffer</refentrytitle></citerefentry>
        </para>
    </refsect1>
    <refsect1 id="Copyright"><title>Copyright</title>
        <para>
            Copyright <trademark class="copyright"></trademark> 2010 Khronos Group.
            This material may be distributed subject to the terms and conditions set forth in
            the Open Publication License, v 1.0, 8 June 1999.
            <ulink url="http://opencontent.org/openpub/">http://opencontent.org/openpub/</ulink>.
        </para>
    </refsect1>
</refentry>
