<?xml version="1.0" encoding="UTF-8"?>
<!DOCTYPE book PUBLIC "-//OASIS//DTD DocBook MathML Module V1.1b1//EN"
              "http://www.oasis-open.org/docbook/xml/mathml/1.1CR1/dbmathml.dtd">
<refentry id="glDeleteVertexArrays">
    <refmeta>
        <refmetainfo>
            <copyright>
                <year>2010</year>
                <holder>Khronos Group</holder>
            </copyright>
        </refmetainfo>
        <refentrytitle>glDeleteVertexArrays</refentrytitle>
        <manvolnum>3G</manvolnum>
    </refmeta>
    <refnamediv>
        <refname>glDeleteVertexArrays</refname>
        <refpurpose>delete vertex array objects</refpurpose>
    </refnamediv>
    <refsynopsisdiv><title>C Specification</title>
        <funcsynopsis>
            <funcprototype>
                <funcdef>void <function>glDeleteVertexArrays</function></funcdef>
                <paramdef>GLsizei <parameter>n</parameter></paramdef>
                <paramdef>const GLuint *<parameter>arrays</parameter></paramdef>
            </funcprototype>
        </funcsynopsis>
    </refsynopsisdiv>
    <!-- eqn: ignoring delim $$ -->
    <refsect1 id="parameters"><title>Parameters</title>
        <variablelist>
        <varlistentry>
            <term><parameter>n</parameter></term>
            <listitem>
                <para>
                    Specifies the number of vertex array objects to be deleted.
                </para>
            </listitem>
        </varlistentry>
        <varlistentry>
            <term><parameter>arrays</parameter></term>
            <listitem>
                <para>
                    Specifies the address of an array containing the <parameter>n</parameter> names of the objects to be deleted.
                </para>
            </listitem>
        </varlistentry>
        </variablelist>
    </refsect1>
    <refsect1 id="description"><title>Description</title>
        <para>
            <function>glDeleteVertexArrays</function> deletes <parameter>n</parameter> vertex array objects whose names are stored in the
            array addressed by <parameter>arrays</parameter>. Once a vertex array object is deleted it has no contents and its name is
            again unused. If a vertex array object that is currently bound is deleted, the binding for that object reverts to zero
            and the default vertex array becomes current. Unused names in <parameter>arrays</parameter> are silently ignored, as is the value zero.
        </para>
    </refsect1>
    <refsect1 id="errors"><title>Errors</title>
        <para>
            <constant>GL_INVALID_VALUE</constant> is generated if <parameter>n</parameter> is negative.
        </para>
    </refsect1>
    <refsect1 id="seealso"><title>See Also</title>
        <para>
            <citerefentry><refentrytitle>glGenVertexArrays</refentrytitle></citerefentry>,
            <citerefentry><refentrytitle>glIsVertexArray</refentrytitle></citerefentry>,
            <citerefentry><refentrytitle>glBindVertexArray</refentrytitle></citerefentry>
        </para>
    </refsect1>
    <refsect1 id="Copyright"><title>Copyright</title>
        <para>
            Copyright <trademark class="copyright"></trademark> 2010 Khronos Group. 
            This material may be distributed subject to the terms and conditions set forth in 
            the Open Publication License, v 1.0, 8 June 1999.
            <ulink url="http://opencontent.org/openpub/">http://opencontent.org/openpub/</ulink>.
        </para>
    </refsect1>
</refentry>
