<?xml version="1.0" encoding="UTF-8"?>
<!DOCTYPE book PUBLIC "-//OASIS//DTD DocBook MathML Module V1.1b1//EN"
              "http://www.oasis-open.org/docbook/xml/mathml/1.1CR1/dbmathml.dtd">
<refentry id="glTexCoordPointer">
    <refmeta>
        <refmetainfo>
            <copyright>
                <year>1991-2006</year>
                <holder>Silicon Graphics, Inc.</holder>
            </copyright>
        </refmetainfo>
        <refentrytitle>glTexCoordPointer</refentrytitle>
        <manvolnum>3G</manvolnum>
    </refmeta>
    <refnamediv>
        <refname>glTexCoordPointer</refname>
        <refpurpose>define an array of texture coordinates</refpurpose>
    </refnamediv>
    <refsynopsisdiv><title>C Specification</title>
        <funcsynopsis>
            <funcprototype>
                <funcdef>void <function>glTexCoordPointer</function></funcdef>
                <paramdef>GLint <parameter>size</parameter></paramdef>
                <paramdef>GLenum <parameter>type</parameter></paramdef>
                <paramdef>GLsizei <parameter>stride</parameter></paramdef>
                <paramdef>const GLvoid * <parameter>pointer</parameter></paramdef>
            </funcprototype>
        </funcsynopsis>
    </refsynopsisdiv>
    <!-- eqn: ignoring delim $$ -->
    <refsect1 id="parameters"><title>Parameters</title>
        <variablelist>
        <varlistentry>
            <term><parameter>size</parameter></term>
            <listitem>
                <para>
                    Specifies the number of coordinates per array element. Must be 1, 2, 3,
                    or 4. The initial value is 4.
                </para>
            </listitem>
        </varlistentry>
        <varlistentry>
            <term><parameter>type</parameter></term>
            <listitem>
                <para>
                    Specifies the data type of each texture coordinate.
                    Symbolic constants
                    <constant>GL_SHORT</constant>,
                    <constant>GL_INT</constant>,
                    <constant>GL_FLOAT</constant>,
                    or <constant>GL_DOUBLE</constant>
                    are accepted. The initial value is <constant>GL_FLOAT</constant>.
                </para>
            </listitem>
        </varlistentry>
        <varlistentry>
            <term><parameter>stride</parameter></term>
            <listitem>
                <para>
                    Specifies the byte offset between consecutive texture coordinate sets.
                    If <parameter>stride</parameter> is 0, the array elements are understood
                    to be tightly packed. The initial value is 0.
                </para>
            </listitem>
        </varlistentry>
        <varlistentry>
            <term><parameter>pointer</parameter></term>
            <listitem>
                <para>
                    Specifies a pointer to the first coordinate of the first texture coordinate set in the
                    array. The initial value is 0.
                </para>
            </listitem>
        </varlistentry>
        </variablelist>
    </refsect1>
    <refsect1 id="description"><title>Description</title>
        <para>
            <function>glTexCoordPointer</function> specifies the location and data format of an array of texture
            coordinates to use when rendering.  
            <parameter>size</parameter> specifies the number of coordinates per
            texture coordinate set, and must be 1, 2, 3, or 4.
            <parameter>type</parameter> specifies the data type of each texture coordinate,
            and <parameter>stride</parameter> specifies the byte stride from one
            texture coordinate set to the next, allowing vertices and attributes
            to be packed into a single array or stored in separate arrays.
            (Single-array storage may be more efficient on some implementations;
            see
            <citerefentry><refentrytitle>glInterleavedArrays</refentrytitle></citerefentry>.)
        </para>
        <para>
            If a non-zero named buffer object is bound to the <constant>GL_ARRAY_BUFFER</constant> target 
            (see <citerefentry><refentrytitle>glBindBuffer</refentrytitle></citerefentry>) while a texture coordinate array is
            specified, <parameter>pointer</parameter> is treated as a byte offset into the buffer object's data store.
            Also, the buffer object binding (<constant>GL_ARRAY_BUFFER_BINDING</constant>) is saved as texture coordinate vertex array
            client-side state (<constant>GL_TEXTURE_COORD_ARRAY_BUFFER_BINDING</constant>).
        </para>
        <para>
            When a texture coordinate array is specified,
            <parameter>size</parameter>, <parameter>type</parameter>, <parameter>stride</parameter>, and <parameter>pointer</parameter> are saved as client-side
            state, in addition to the current vertex array buffer object binding.
        </para>
        <para>
            To enable and disable a texture coordinate array, call <citerefentry><refentrytitle>glEnableClientState</refentrytitle></citerefentry> and
            <citerefentry><refentrytitle>glDisableClientState</refentrytitle></citerefentry> with the argument
            <constant>GL_TEXTURE_COORD_ARRAY</constant>. If enabled, the texture coordinate array is used when
            <citerefentry><refentrytitle>glArrayElement</refentrytitle></citerefentry>, <citerefentry><refentrytitle>glDrawArrays</refentrytitle></citerefentry>, <citerefentry><refentrytitle>glMultiDrawArrays</refentrytitle></citerefentry>,
            <citerefentry><refentrytitle>glDrawElements</refentrytitle></citerefentry>, <citerefentry><refentrytitle>glMultiDrawElements</refentrytitle></citerefentry>, or <citerefentry><refentrytitle>glDrawRangeElements</refentrytitle></citerefentry>
            is called.
        </para>
    </refsect1>
    <refsect1 id="notes"><title>Notes</title>
        <para>
            <function>glTexCoordPointer</function> is available only if the GL version is 1.1 or greater.
        </para>
        <para>
            For OpenGL versions 1.3 and greater, or when the <code>ARB_multitexture</code>
            extension is supported, <function>glTexCoordPointer</function> updates the
            texture coordinate array state of the active client texture unit,
            specified with <citerefentry><refentrytitle>glClientActiveTexture</refentrytitle></citerefentry>.
        </para>
        <para>
            Each texture coordinate array is initially disabled and isn't accessed when
            <citerefentry><refentrytitle>glArrayElement</refentrytitle></citerefentry>, <citerefentry><refentrytitle>glDrawElements</refentrytitle></citerefentry>, <citerefentry><refentrytitle>glDrawRangeElements</refentrytitle></citerefentry>,
            <citerefentry><refentrytitle>glDrawArrays</refentrytitle></citerefentry>, <citerefentry><refentrytitle>glMultiDrawArrays</refentrytitle></citerefentry>, or <citerefentry><refentrytitle>glMultiDrawElements</refentrytitle></citerefentry>
            is called.
        </para>
        <para>
            Execution of <function>glTexCoordPointer</function> is not allowed between the execution of
            <citerefentry><refentrytitle>glBegin</refentrytitle></citerefentry> and the corresponding execution of <citerefentry><refentrytitle>glEnd</refentrytitle></citerefentry>,
            but an error may or may not be generated. If no error is generated,
            the operation is undefined.
        </para>
        <para>
            <function>glTexCoordPointer</function> is typically implemented on the client side.
        </para>
        <para>
            Texture coordinate array parameters are client-side state and are therefore
            not saved or restored by <citerefentry><refentrytitle>glPushAttrib</refentrytitle></citerefentry> and <citerefentry><refentrytitle>glPopAttrib</refentrytitle></citerefentry>.
            Use <citerefentry><refentrytitle>glPushClientAttrib</refentrytitle></citerefentry> and
            <citerefentry><refentrytitle>glPopClientAttrib</refentrytitle></citerefentry> instead.
        </para>
    </refsect1>
    <refsect1 id="errors"><title>Errors</title>
        <para>
            <constant>GL_INVALID_VALUE</constant> is generated if <parameter>size</parameter> is not 1, 2, 3, or 4.
        </para>
        <para>
            <constant>GL_INVALID_ENUM</constant> is generated if <parameter>type</parameter> is not an accepted value.
        </para>
        <para>
            <constant>GL_INVALID_VALUE</constant> is generated if <parameter>stride</parameter> is negative.
        </para>
    </refsect1>
    <refsect1 id="associatedgets"><title>Associated Gets</title>
        <para>
            <citerefentry><refentrytitle>glIsEnabled</refentrytitle></citerefentry> with argument <constant>GL_TEXTURE_COORD_ARRAY</constant>
        </para>
        <para>
            <citerefentry><refentrytitle>glGet</refentrytitle></citerefentry> with argument <constant>GL_TEXTURE_COORD_ARRAY_SIZE</constant>
        </para>
        <para>
            <citerefentry><refentrytitle>glGet</refentrytitle></citerefentry> with argument <constant>GL_TEXTURE_COORD_ARRAY_TYPE</constant>
        </para>
        <para>
            <citerefentry><refentrytitle>glGet</refentrytitle></citerefentry> with argument <constant>GL_TEXTURE_COORD_ARRAY_STRIDE</constant>
        </para>
        <para>
            <citerefentry><refentrytitle>glGet</refentrytitle></citerefentry> with argument <constant>GL_TEXTURE_COORD_ARRAY_BUFFER_BINDING</constant>
        </para>
        <para>
            <citerefentry><refentrytitle>glGet</refentrytitle></citerefentry> with argument <constant>GL_ARRAY_BUFFER_BINDING</constant>
        </para>
        <para>
            <citerefentry><refentrytitle>glGetPointerv</refentrytitle></citerefentry> with argument <constant>GL_TEXTURE_COORD_ARRAY_POINTER</constant>
        </para>
    </refsect1>
    <refsect1 id="seealso"><title>See Also</title>
        <para>
            <citerefentry><refentrytitle>glArrayElement</refentrytitle></citerefentry>,
            <citerefentry><refentrytitle>glBindBuffer</refentrytitle></citerefentry>,
            <citerefentry><refentrytitle>glClientActiveTexture</refentrytitle></citerefentry>,
            <citerefentry><refentrytitle>glColorPointer</refentrytitle></citerefentry>,
            <citerefentry><refentrytitle>glDisableClientState</refentrytitle></citerefentry>,
            <citerefentry><refentrytitle>glDrawArrays</refentrytitle></citerefentry>,
            <citerefentry><refentrytitle>glDrawElements</refentrytitle></citerefentry>,
            <citerefentry><refentrytitle>glDrawRangeElements</refentrytitle></citerefentry>,
            <citerefentry><refentrytitle>glEdgeFlagPointer</refentrytitle></citerefentry>,
            <citerefentry><refentrytitle>glEnableClientState</refentrytitle></citerefentry>,
            <citerefentry><refentrytitle>glFogCoordPointer</refentrytitle></citerefentry>,
            <citerefentry><refentrytitle>glIndexPointer</refentrytitle></citerefentry>,
            <citerefentry><refentrytitle>glInterleavedArrays</refentrytitle></citerefentry>,
            <citerefentry><refentrytitle>glMultiDrawArrays</refentrytitle></citerefentry>,
            <citerefentry><refentrytitle>glMultiDrawElements</refentrytitle></citerefentry>,
            <citerefentry><refentrytitle>glMultiTexCoord</refentrytitle></citerefentry>,
            <citerefentry><refentrytitle>glNormalPointer</refentrytitle></citerefentry>,
            <citerefentry><refentrytitle>glPopClientAttrib</refentrytitle></citerefentry>,
            <citerefentry><refentrytitle>glPushClientAttrib</refentrytitle></citerefentry>,
            <citerefentry><refentrytitle>glSecondaryColorPointer</refentrytitle></citerefentry>,
            <citerefentry><refentrytitle>glTexCoord</refentrytitle></citerefentry>,
            <citerefentry><refentrytitle>glVertexAttribPointer</refentrytitle></citerefentry>,
            <citerefentry><refentrytitle>glVertexPointer</refentrytitle></citerefentry>
        </para>
    </refsect1>
    <refsect1 id="Copyright"><title>Copyright</title>
        <para>
            Copyright <trademark class="copyright"></trademark> 1991-2006
            Silicon Graphics, Inc. This document is licensed under the SGI
            Free Software B License. For details, see
            <ulink url="http://oss.sgi.com/projects/FreeB/">http://oss.sgi.com/projects/FreeB/</ulink>.
        </para>
    </refsect1>
</refentry>
