<?xml version="1.0" encoding="UTF-8"?>
<!DOCTYPE book PUBLIC "-//OASIS//DTD DocBook MathML Module V1.1b1//EN"
              "http://www.oasis-open.org/docbook/xml/mathml/1.1CR1/dbmathml.dtd">
<refentry id="gluGetTessProperty">
    <refmeta>
        <refmetainfo>
            <copyright>
                <year>1991-2006</year>
                <holder>Silicon Graphics, Inc.</holder>
            </copyright>
        </refmetainfo>
        <refentrytitle>gluGetTessProperty</refentrytitle>
        <manvolnum>3G</manvolnum>
    </refmeta>
    <refnamediv>
        <refname>gluGetTessProperty</refname>
        <refpurpose>get a tessellation object property</refpurpose>
    </refnamediv>
    <refsynopsisdiv><title>C Specification</title>
        <funcsynopsis>
            <funcprototype>
                <funcdef>void <function>gluGetTessProperty</function></funcdef>
                <paramdef>GLUtesselator* <parameter>tess</parameter></paramdef>
                <paramdef>GLenum <parameter>which</parameter></paramdef>
                <paramdef>GLdouble* <parameter>data</parameter></paramdef>
            </funcprototype>
        </funcsynopsis>
    </refsynopsisdiv>
    <!-- eqn: ignoring delim $$ -->
    <refsect1 id="parameters"><title>Parameters</title>
        <variablelist>
        <varlistentry>
            <term><parameter>tess</parameter></term>
            <listitem>
                <para>
                    Specifies the tessellation object (created with <citerefentry><refentrytitle>gluNewTess</refentrytitle></citerefentry>).
                </para>
            </listitem>
        </varlistentry>
        <varlistentry>
            <term><parameter>which</parameter></term>
            <listitem>
                <para>
                    Specifies the property whose value is to be fetched. Valid values are
                    <constant>GLU_TESS_WINDING_RULE</constant>,
                    <constant>GLU_TESS_BOUNDARY_ONLY</constant>, and
                    <constant>GLU_TESS_TOLERANCE</constant>.
                </para>
            </listitem>
        </varlistentry>
        <varlistentry>
            <term><parameter>data</parameter></term>
            <listitem>
                <para>
                    Specifies a pointer to the location into which the value of the 
                    named property is written.
                </para>
            </listitem>
        </varlistentry>
        </variablelist>
    </refsect1>
    <refsect1 id="description"><title>Description</title>
        <para>
            <function>gluGetTessProperty</function> retrieves properties stored in a tessellation object. These
            properties affect the way that tessellation objects 
            are interpreted and rendered. See the 
            <citerefentry><refentrytitle>gluTessProperty</refentrytitle></citerefentry> reference page for information about the 
            properties and what they do.
        </para>
    </refsect1>
    <refsect1 id="seealso"><title>See Also</title>
        <para>
            <citerefentry><refentrytitle>gluNewTess</refentrytitle></citerefentry>, 
            <citerefentry><refentrytitle>gluTessProperty</refentrytitle></citerefentry>
        </para>
    </refsect1>
    <refsect1 id="Copyright"><title>Copyright</title>
        <para>
            Copyright <trademark class="copyright"></trademark> 1991-2006
            Silicon Graphics, Inc. This document is licensed under the SGI
            Free Software B License. For details, see
            <ulink url="http://oss.sgi.com/projects/FreeB/">http://oss.sgi.com/projects/FreeB/</ulink>.
        </para>
    </refsect1>
</refentry>
