<?xml version="1.0" encoding="UTF-8"?>
<!DOCTYPE book PUBLIC "-//OASIS//DTD DocBook MathML Module V1.1b1//EN"
              "http://www.oasis-open.org/docbook/xml/mathml/1.1CR1/dbmathml.dtd">
<refentry id="gluNurbsCallbackDataEXT">
    <refmeta>
        <refmetainfo>
            <copyright>
                <year>1991-2006</year>
                <holder>Silicon Graphics, Inc.</holder>
            </copyright>
        </refmetainfo>
        <refentrytitle>gluNurbsCallbackDataEXT</refentrytitle>
        <manvolnum>3G</manvolnum>
    </refmeta>
    <refnamediv>
        <refname>gluNurbsCallbackDataEXT</refname>
        <refpurpose>set a user data pointer</refpurpose>
    </refnamediv>
    <refsynopsisdiv><title>C Specification</title>
        <funcsynopsis>
            <funcprototype>
                <funcdef>void <function>gluNurbsCallbackDataEXT</function></funcdef>
                <paramdef>GLUnurbs* <parameter>nurb</parameter></paramdef>
                <paramdef>GLvoid* <parameter>userData</parameter></paramdef>
            </funcprototype>
        </funcsynopsis>
    </refsynopsisdiv>
    <!-- eqn: ignoring delim $$ -->
    <refsect1 id="parameters"><title>Parameters</title>
        <variablelist>
        <varlistentry>
            <term><parameter>nurb</parameter></term>
            <listitem>
                <para>
                    Specifies the NURBS object (created with <citerefentry><refentrytitle>gluNewNurbsRenderer</refentrytitle></citerefentry>).
                </para>
            </listitem>
        </varlistentry>
        <varlistentry>
            <term><parameter>userData</parameter></term>
            <listitem>
                <para>
                    Specifies a pointer to the user's data.
                </para>
            </listitem>
        </varlistentry>
        </variablelist>
    </refsect1>
    <refsect1 id="description"><title>Description</title>
        <para>
            <function>gluNurbsCallbackDataEXT</function> is used to pass a pointer to the application's data to NURBS
            tessellator. A copy of this pointer will be passed by the tessellator
            in the NURBS callback functions (set by <citerefentry><refentrytitle>gluNurbsCallback</refentrytitle></citerefentry>).
        </para>
    </refsect1>
    <refsect1 id="seealso"><title>See Also</title>
        <para>
            <citerefentry><refentrytitle>gluNurbsCallback</refentrytitle></citerefentry>
        </para>
    </refsect1>
    <refsect1 id="Copyright"><title>Copyright</title>
        <para>
            Copyright <trademark class="copyright"></trademark> 1991-2006
            Silicon Graphics, Inc. This document is licensed under the SGI
            Free Software B License. For details, see
            <ulink url="http://oss.sgi.com/projects/FreeB/">http://oss.sgi.com/projects/FreeB/</ulink>.
        </para>
    </refsect1>
</refentry>
